step,t,x,y,z,yaw,qw,qx,qy,qz
0,0.0,-10.0,-10.0,0.8199999928474426,0.0,1.0,0.0,0.0,0.0
1,0.02,-10.0,-10.0,0.8199999928474426,0.0,1.0,0.0,0.0,0.0
2,0.04,-10.0,-10.0,0.8199999928474426,0.0,1.0,0.0,0.0,0.0
3,0.06,-10.0,-10.0,0.8199999928474426,0.0,1.0,0.0,0.0,0.0
4,0.08,-10.0,-10.0,0.8199999928474426,0.0,1.0,0.0,0.0,0.0
5,0.1,-10.0,-10.0,0.8199999928474426,0.0,1.0,0.0,0.0,0.0
6,0.12,-10.0,-10.0,0.8199999928474426,0.0,1.0,0.0,0.0,0.0
7,0.14,-10.0,-10.0,0.8199999928474426,0.0,1.0,0.0,0.0,0.0
8,0.16,-10.0,-10.0,0.8199999928474426,0.0,1.0,0.0,0.0,0.0
9,0.18,-10.0,-10.0,0.8199999928474426,0.0,1.0,0.0,0.0,0.0
10,0.2,-10.0,-10.0,0.8199999928474426,0.0,1.0,0.0,0.0,0.0
11,0.22,-10.0,-10.0,0.8199999928474426,0.0,1.0,0.0,0.0,0.0
12,0.24,-10.0,-10.0,0.8199999928474426,0.0,1.0,0.0,0.0,0.0
13,0.26,-10.0,-10.0,0.8199999928474426,0.0,1.0,0.0,0.0,0.0
14,0.28,-10.0,-10.0,0.8199999928474426,0.0,1.0,0.0,0.0,0.0
15,0.3,-10.0,-10.0,0.8199999928474426,0.0,1.0,0.0,0.0,0.0
16,0.32,-10.0,-10.0,0.8199999928474426,0.0,1.0,0.0,0.0,0.0
17,0.34,-10.0,-10.0,0.8199999928474426,0.0,1.0,0.0,0.0,0.0
18,0.36,-10.0,-10.0,0.8199999928474426,0.0,1.0,0.0,0.0,0.0
19,0.38,-10.0,-10.0,0.8199999928474426,0.0,1.0,0.0,0.0,0.0
20,0.4,-10.0,-10.0,0.8199999928474426,0.0,1.0,0.0,0.0,0.0
21,0.42,-10.0,-10.0,0.8199999928474426,0.0,1.0,0.0,0.0,0.0
22,0.44,-9.991999626159668,-10.0,0.8199999928474426,0.0,1.0,0.0,0.0,0.0
23,0.46,-9.983999252319336,-10.0,0.8199999928474426,0.0,1.0,0.0,0.0,0.0
24,0.48,-9.975998878479004,-10.0,0.8199999928474426,0.0,1.0,0.0,0.0,0.0
25,0.5,-9.967998504638672,-10.0,0.8199999928474426,0.0,1.0,0.0,0.0,0.0
26,0.52,-9.95999813079834,-10.0,0.8199999928474426,0.0,1.0,0.0,0.0,0.0
27,0.54,-9.951997756958008,-10.0,0.8199999928474426,0.0,1.0,0.0,0.0,0.0
28,0.56,-9.943997383117676,-10.0,0.8199999928474426,0.0,1.0,0.0,0.0,0.0
29,0.58,-9.935997009277344,-10.0,0.8199999928474426,0.0,1.0,0.0,0.0,0.0
30,0.6,-9.927996635437012,-10.0,0.8199999928474426,0.0,1.0,0.0,0.0,0.0
31,0.62,-9.91999626159668,-10.0,0.8199999928474426,0.0,1.0,0.0,0.0,0.0
32,0.64,-9.911995887756348,-10.0,0.8199999928474426,0.0,1.0,0.0,0.0,0.0
33,0.66,-9.903995513916016,-10.0,0.8199999928474426,0.0,1.0,0.0,0.0,0.0
34,0.68,-9.895995140075684,-10.0,0.8199999928474426,0.0,1.0,0.0,0.0,0.0
35,0.7000000000000001,-9.887994766235352,-10.0,0.8199999928474426,0.0,1.0,0.0,0.0,0.0
36,0.72,-9.87999439239502,-10.0,0.8199999928474426,0.0,1.0,0.0,0.0,0.0
37,0.74,-9.871994018554688,-10.0,0.8199999928474426,0.0,1.0,0.0,0.0,0.0
38,0.76,-9.863993644714355,-10.0,0.8199999928474426,0.0,1.0,0.0,0.0,0.0
39,0.78,-9.855993270874023,-10.0,0.8199999928474426,0.0,1.0,0.0,0.0,0.0
40,0.8,-9.847992897033691,-10.0,0.8199999928474426,0.0,1.0,0.0,0.0,0.0
41,0.8200000000000001,-9.83999252319336,-10.0,0.8199999928474426,0.0,1.0,0.0,0.0,0.0
42,0.84,-9.831992149353027,-10.0,0.8199999928474426,0.0,1.0,0.0,0.0,0.0
43,0.86,-9.823991775512695,-10.0,0.8199999928474426,0.0,1.0,0.0,0.0,0.0
44,0.88,-9.815991401672363,-10.0,0.8199999928474426,0.0,1.0,0.0,0.0,0.0
45,0.9,-9.807991027832031,-10.0,0.8199999928474426,0.0,1.0,0.0,0.0,0.0
46,0.92,-9.7999906539917,-10.0,0.8199999928474426,0.0,1.0,0.0,0.0,0.0
47,0.9400000000000001,-9.791990280151367,-10.0,0.8199999928474426,0.0,1.0,0.0,0.0,0.0
48,0.96,-9.783989906311035,-10.0,0.8199999928474426,0.0,1.0,0.0,0.0,0.0
49,0.98,-9.775989532470703,-10.0,0.8199999928474426,0.0,1.0,0.0,0.0,0.0
50,1.0,-9.767989158630371,-10.0,0.8199999928474426,0.0,1.0,0.0,0.0,0.0
51,1.02,-9.759988784790039,-10.0,0.8199999928474426,0.0,1.0,0.0,0.0,0.0
52,1.04,-9.751988410949707,-10.0,0.8199999928474426,0.0,1.0,0.0,0.0,0.0
53,1.06,-9.743988037109375,-10.0,0.8199999928474426,0.0,1.0,0.0,0.0,0.0
54,1.08,-9.735987663269043,-10.0,0.8199999928474426,0.0,1.0,0.0,0.0,0.0
55,1.1,-9.727987289428711,-10.0,0.8199999928474426,0.0,1.0,0.0,0.0,0.0
56,1.12,-9.719986915588379,-10.0,0.8199999928474426,0.0,1.0,0.0,0.0,0.0
57,1.1400000000000001,-9.711986541748047,-10.0,0.8199999928474426,0.0,1.0,0.0,0.0,0.0
58,1.16,-9.703986167907715,-10.0,0.8199999928474426,0.0,1.0,0.0,0.0,0.0
59,1.18,-9.703986167907715,-10.0,0.8199999928474426,0.0,1.0,0.0,0.0,0.0
60,1.2,-9.703986167907715,-10.0,0.8199999928474426,0.0,1.0,0.0,0.0,0.0
61,1.22,-9.703986167907715,-10.0,0.8199999928474426,0.0,1.0,0.0,0.0,0.0
62,1.24,-9.703986167907715,-10.0,0.8199999928474426,0.0,1.0,0.0,0.0,0.0
63,1.26,-9.703986167907715,-10.0,0.8199999928474426,0.0,1.0,0.0,0.0,0.0
64,1.28,-9.703986167907715,-10.0,0.8199999928474426,0.0,1.0,0.0,0.0,0.0
65,1.3,-9.703986167907715,-10.0,0.8199999928474426,0.0,1.0,0.0,0.0,0.0
66,1.32,-9.703986167907715,-10.0,0.8199999928474426,0.0,1.0,0.0,0.0,0.0
67,1.34,-9.703986167907715,-10.0,0.824999988079071,0.0,1.0,0.0,0.0,0.0
68,1.36,-9.703986167907715,-10.0,0.8299999833106995,0.0,1.0,0.0,0.0,0.0
69,1.3800000000000001,-9.703986167907715,-10.0,0.8349999785423279,0.0,1.0,0.0,0.0,0.0
70,1.4000000000000001,-9.703986167907715,-10.0,0.8399999737739563,0.0,1.0,0.0,0.0,0.0
71,1.42,-9.703986167907715,-10.0,0.8449999690055847,0.0,1.0,0.0,0.0,0.0
72,1.44,-9.703986167907715,-10.0,0.8499999642372131,0.0,1.0,0.0,0.0,0.0
73,1.46,-9.703986167907715,-10.0,0.8549999594688416,0.0,1.0,0.0,0.0,0.0
74,1.48,-9.703986167907715,-10.0,0.85999995470047,0.0,1.0,0.0,0.0,0.0
75,1.5,-9.703986167907715,-10.0,0.8649999499320984,0.0,1.0,0.0,0.0,0.0
76,1.52,-9.703986167907715,-10.0,0.8699999451637268,0.0,1.0,0.0,0.0,0.0
77,1.54,-9.703986167907715,-10.0,0.8749999403953552,0.0,1.0,0.0,0.0,0.0
78,1.56,-9.703986167907715,-10.0,0.8799999356269836,0.0,1.0,0.0,0.0,0.0
79,1.58,-9.703986167907715,-10.0,0.8849999308586121,0.0,1.0,0.0,0.0,0.0
80,1.6,-9.695985794067383,-10.0,0.8899999260902405,0.0,1.0,0.0,0.0,0.0
81,1.62,-9.68798542022705,-10.0,0.8949999213218689,0.0,1.0,0.0,0.0,0.0
82,1.6400000000000001,-9.679985046386719,-10.0,0.8999999165534973,0.0,1.0,0.0,0.0,0.0
83,1.6600000000000001,-9.671984672546387,-10.0,0.9049999117851257,0.0,1.0,0.0,0.0,0.0
84,1.68,-9.663984298706055,-10.0,0.9099999070167542,0.0,1.0,0.0,0.0,0.0
85,1.7,-9.655983924865723,-10.0,0.9149999022483826,0.0,1.0,0.0,0.0,0.0
86,1.72,-9.64798355102539,-10.0,0.919999897480011,0.0,1.0,0.0,0.0,0.0
87,1.74,-9.639983177185059,-10.0,0.9249998927116394,0.0,1.0,0.0,0.0,0.0
88,1.76,-9.631982803344727,-10.0,0.9299998879432678,0.0,1.0,0.0,0.0,0.0
89,1.78,-9.623982429504395,-10.0,0.9349998831748962,0.0,1.0,0.0,0.0,0.0
90,1.8,-9.615982055664062,-10.0,0.9399998784065247,0.0,1.0,0.0,0.0,0.0
91,1.82,-9.60798168182373,-10.0,0.9449998736381531,0.0,1.0,0.0,0.0,0.0
92,1.84,-9.599981307983398,-10.0,0.9499998688697815,0.0,1.0,0.0,0.0,0.0
93,1.86,-9.591980934143066,-10.0,0.9549998641014099,0.0,1.0,0.0,0.0,0.0
94,1.8800000000000001,-9.583980560302734,-10.0,0.9599998593330383,0.0,1.0,0.0,0.0,0.0
95,1.9000000000000001,-9.575980186462402,-10.0,0.9649998545646667,0.0,1.0,0.0,0.0,0.0
96,1.92,-9.56797981262207,-10.0,0.9699998497962952,0.0,1.0,0.0,0.0,0.0
97,1.94,-9.559979438781738,-10.0,0.9749998450279236,0.0,1.0,0.0,0.0,0.0
98,1.96,-9.551979064941406,-10.0,0.979999840259552,0.0,1.0,0.0,0.0,0.0
99,1.98,-9.543978691101074,-10.0,0.9849998354911804,0.0,1.0,0.0,0.0,0.0
100,2.0,-9.535978317260742,-10.0,0.9899998307228088,0.0,1.0,0.0,0.0,0.0
101,2.02,-9.52797794342041,-10.0,0.9949998259544373,0.0,1.0,0.0,0.0,0.0
102,2.04,-9.519977569580078,-10.0,0.9999998211860657,0.0,1.0,0.0,0.0,0.0
103,2.06,-9.511977195739746,-10.0,1.0049998760223389,0.0,1.0,0.0,0.0,0.0
104,2.08,-9.503976821899414,-10.0,1.0099998712539673,0.0,1.0,0.0,0.0,0.0
105,2.1,-9.495976448059082,-10.0,1.0149998664855957,0.0,1.0,0.0,0.0,0.0
106,2.12,-9.48797607421875,-10.0,1.0199998617172241,0.0,1.0,0.0,0.0,0.0
107,2.14,-9.479975700378418,-10.0,1.0249998569488525,0.0,1.0,0.0,0.0,0.0
108,2.16,-9.471975326538086,-10.0,1.029999852180481,0.0,1.0,0.0,0.0,0.0
109,2.18,-9.463974952697754,-10.0,1.0349998474121094,0.0,1.0,0.0,0.0,0.0
110,2.2,-9.455974578857422,-10.0,1.0399998426437378,0.0,1.0,0.0,0.0,0.0
111,2.22,-9.44797420501709,-10.0,1.0449998378753662,0.0,1.0,0.0,0.0,0.0
112,2.24,-9.439973831176758,-10.0,1.0499998331069946,0.0,1.0,0.0,0.0,0.0
113,2.2600000000000002,-9.431973457336426,-10.0,1.054999828338623,0.0,1.0,0.0,0.0,0.0
114,2.2800000000000002,-9.423973083496094,-10.0,1.0599998235702515,0.0,1.0,0.0,0.0,0.0
115,2.3000000000000003,-9.415972709655762,-10.0,1.0649998188018799,0.0,1.0,0.0,0.0,0.0
116,2.32,-9.40797233581543,-10.0,1.0699998140335083,0.0,1.0,0.0,0.0,0.0
117,2.34,-9.399971961975098,-10.0,1.0749998092651367,0.0,1.0,0.0,0.0,0.0
118,2.36,-9.391971588134766,-10.0,1.0799998044967651,0.0,1.0,0.0,0.0,0.0
119,2.38,-9.383971214294434,-10.0,1.0849997997283936,0.0,1.0,0.0,0.0,0.0
120,2.4,-9.375970840454102,-10.0,1.089999794960022,0.0,1.0,0.0,0.0,0.0
121,2.42,-9.36797046661377,-10.0,1.0949997901916504,0.0,1.0,0.0,0.0,0.0
122,2.44,-9.359970092773438,-10.0,1.0999997854232788,0.0,1.0,0.0,0.0,0.0
123,2.46,-9.351969718933105,-10.0,1.1049997806549072,0.0,1.0,0.0,0.0,0.0
124,2.48,-9.343969345092773,-10.0,1.1099997758865356,0.0,1.0,0.0,0.0,0.0
125,2.5,-9.335968971252441,-10.0,1.1099997758865356,0.0,1.0,0.0,0.0,0.0
126,2.52,-9.32796859741211,-10.0,1.1099997758865356,0.0,1.0,0.0,0.0,0.0
127,2.54,-9.319968223571777,-10.0,1.1099997758865356,0.0,1.0,0.0,0.0,0.0
128,2.56,-9.311967849731445,-10.0,1.1099997758865356,0.0,1.0,0.0,0.0,0.0
129,2.58,-9.303967475891113,-10.0,1.1099997758865356,0.0,1.0,0.0,0.0,0.0
130,2.6,-9.295967102050781,-10.0,1.1099997758865356,0.0,1.0,0.0,0.0,0.0
131,2.62,-9.28796672821045,-10.0,1.1099997758865356,0.0,1.0,0.0,0.0,0.0
132,2.64,-9.279966354370117,-10.0,1.1099997758865356,0.0,1.0,0.0,0.0,0.0
133,2.66,-9.271965980529785,-10.0,1.1099997758865356,0.0,1.0,0.0,0.0,0.0
134,2.68,-9.263965606689453,-10.0,1.1099997758865356,0.0,1.0,0.0,0.0,0.0
135,2.7,-9.255965232849121,-10.0,1.1099997758865356,0.0,1.0,0.0,0.0,0.0
136,2.72,-9.247964859008789,-10.0,1.1099997758865356,0.0,1.0,0.0,0.0,0.0
137,2.74,-9.239964485168457,-10.0,1.1099997758865356,0.0,1.0,0.0,0.0,0.0
138,2.7600000000000002,-9.231964111328125,-10.0,1.1099997758865356,0.0,1.0,0.0,0.0,0.0
139,2.7800000000000002,-9.223963737487793,-10.0,1.1099997758865356,0.0,1.0,0.0,0.0,0.0
140,2.8000000000000003,-9.215963363647461,-10.0,1.1099997758865356,0.0,1.0,0.0,0.0,0.0
141,2.82,-9.207962989807129,-10.0,1.1099997758865356,0.0,1.0,0.0,0.0,0.0
142,2.84,-9.199962615966797,-10.0,1.1099997758865356,0.0,1.0,0.0,0.0,0.0
143,2.86,-9.191962242126465,-10.0,1.1099997758865356,0.0,1.0,0.0,0.0,0.0
144,2.88,-9.183961868286133,-10.0,1.1099997758865356,0.0,1.0,0.0,0.0,0.0
145,2.9,-9.1759614944458,-10.0,1.1099997758865356,0.0,1.0,0.0,0.0,0.0
146,2.92,-9.167961120605469,-10.0,1.1099997758865356,0.0,1.0,0.0,0.0,0.0
147,2.94,-9.167961120605469,-10.0,1.1099997758865356,0.0,1.0,0.0,0.0,0.0
148,2.96,-9.167961120605469,-10.0,1.1099997758865356,0.0,1.0,0.0,0.0,0.0
149,2.98,-9.167961120605469,-10.0,1.1099997758865356,0.0,1.0,0.0,0.0,0.0
150,3.0,-9.167961120605469,-10.0,1.1099997758865356,0.0,1.0,0.0,0.0,0.0
151,3.02,-9.167961120605469,-10.0,1.1099997758865356,0.0,1.0,0.0,0.0,0.0
152,3.04,-9.167961120605469,-10.0,1.1099997758865356,0.0,1.0,0.0,0.0,0.0
153,3.06,-9.167961120605469,-10.0,1.1099997758865356,0.0,1.0,0.0,0.0,0.0
154,3.08,-9.167961120605469,-10.0,1.1099997758865356,0.0,1.0,0.0,0.0,0.0
155,3.1,-9.167961120605469,-10.0,1.114999771118164,0.0,1.0,0.0,0.0,0.0
156,3.12,-9.167961120605469,-10.0,1.1199997663497925,0.0,1.0,0.0,0.0,0.0
157,3.14,-9.167961120605469,-10.0,1.124999761581421,0.0,1.0,0.0,0.0,0.0
158,3.16,-9.167961120605469,-10.0,1.1299997568130493,0.0,1.0,0.0,0.0,0.0
159,3.18,-9.167961120605469,-10.0,1.1349997520446777,0.0,1.0,0.0,0.0,0.0
160,3.2,-9.167961120605469,-10.0,1.1399997472763062,0.0,1.0,0.0,0.0,0.0
161,3.22,-9.167961120605469,-10.0,1.1449997425079346,0.0,1.0,0.0,0.0,0.0
162,3.24,-9.167961120605469,-10.0,1.149999737739563,0.0,1.0,0.0,0.0,0.0
163,3.2600000000000002,-9.167961120605469,-10.0,1.1549997329711914,0.0,1.0,0.0,0.0,0.0
164,3.2800000000000002,-9.167961120605469,-10.0,1.1599997282028198,0.0,1.0,0.0,0.0,0.0
165,3.3000000000000003,-9.167961120605469,-10.0,1.1649997234344482,0.0,1.0,0.0,0.0,0.0
166,3.3200000000000003,-9.167961120605469,-10.0,1.1699997186660767,0.0,1.0,0.0,0.0,0.0
167,3.34,-9.167961120605469,-10.0,1.174999713897705,0.0,1.0,0.0,0.0,0.0
168,3.36,-9.167961120605469,-10.0,1.1799997091293335,0.0,1.0,0.0,0.0,0.0
169,3.38,-9.167961120605469,-10.0,1.184999704360962,0.0,1.0,0.0,0.0,0.0
170,3.4,-9.167961120605469,-10.0,1.1899996995925903,0.0,1.0,0.0,0.0,0.0
171,3.42,-9.167961120605469,-10.0,1.1949996948242188,0.0,1.0,0.0,0.0,0.0
172,3.44,-9.167961120605469,-10.0,1.1999996900558472,0.0,1.0,0.0,0.0,0.0
173,3.46,-9.167961120605469,-10.0,1.2049996852874756,0.0,1.0,0.0,0.0,0.0
174,3.48,-9.167961120605469,-10.0,1.209999680519104,0.0,1.0,0.0,0.0,0.0
175,3.5,-9.167961120605469,-10.0,1.2149996757507324,0.0,1.0,0.0,0.0,0.0
176,3.52,-9.167961120605469,-10.0,1.2199996709823608,0.0,1.0,0.0,0.0,0.0
177,3.54,-9.167961120605469,-10.0,1.2249996662139893,0.0,1.0,0.0,0.0,0.0
178,3.56,-9.167961120605469,-10.0,1.2299996614456177,0.0,1.0,0.0,0.0,0.0
179,3.58,-9.167961120605469,-10.0,1.234999656677246,0.0,1.0,0.0,0.0,0.0
180,3.6,-9.167961120605469,-10.0,1.2399996519088745,0.0,1.0,0.0,0.0,0.0
181,3.62,-9.167961120605469,-10.0,1.244999647140503,0.0,1.0,0.0,0.0,0.0
182,3.64,-9.167961120605469,-10.0,1.2499996423721313,0.0,1.0,0.0,0.0,0.0
183,3.66,-9.167961120605469,-10.0,1.2549996376037598,0.0,1.0,0.0,0.0,0.0
184,3.68,-9.167961120605469,-10.0,1.2599996328353882,0.0,1.0,0.0,0.0,0.0
185,3.7,-9.167961120605469,-10.0,1.2649996280670166,0.0,1.0,0.0,0.0,0.0
186,3.72,-9.167961120605469,-10.0,1.269999623298645,0.0,1.0,0.0,0.0,0.0
187,3.74,-9.167961120605469,-10.0,1.2749996185302734,0.0,1.0,0.0,0.0,0.0
188,3.7600000000000002,-9.167961120605469,-10.0,1.2799996137619019,0.0,1.0,0.0,0.0,0.0
189,3.7800000000000002,-9.167961120605469,-10.0,1.2849996089935303,0.0,1.0,0.0,0.0,0.0
190,3.8000000000000003,-9.167961120605469,-10.0,1.2899996042251587,0.0,1.0,0.0,0.0,0.0
191,3.8200000000000003,-9.167961120605469,-10.0,1.294999599456787,0.0,1.0,0.0,0.0,0.0
192,3.84,-9.167961120605469,-10.0,1.2999995946884155,0.0,1.0,0.0,0.0,0.0
193,3.86,-9.167961120605469,-10.0,1.304999589920044,0.0,1.0,0.0,0.0,0.0
194,3.88,-9.167961120605469,-10.0,1.3099995851516724,0.0,1.0,0.0,0.0,0.0
195,3.9,-9.167961120605469,-10.0,1.3149995803833008,0.0,1.0,0.0,0.0,0.0
196,3.92,-9.167961120605469,-10.0,1.3199995756149292,0.0,1.0,0.0,0.0,0.0
197,3.94,-9.167961120605469,-10.0,1.3249995708465576,0.0,1.0,0.0,0.0,0.0
198,3.96,-9.167961120605469,-10.0,1.329999566078186,0.0,1.0,0.0,0.0,0.0
199,3.98,-9.167961120605469,-10.0,1.3349995613098145,0.0,1.0,0.0,0.0,0.0
200,4.0,-9.167961120605469,-10.0,1.3399995565414429,0.0,1.0,0.0,0.0,0.0
201,4.0200000000000005,-9.167961120605469,-10.0,1.3449995517730713,0.0,1.0,0.0,0.0,0.0
202,4.04,-9.167961120605469,-10.0,1.3499995470046997,0.0,1.0,0.0,0.0,0.0
203,4.0600000000000005,-9.167961120605469,-10.0,1.3549995422363281,0.0,1.0,0.0,0.0,0.0
204,4.08,-9.167961120605469,-10.0,1.3599995374679565,0.0,1.0,0.0,0.0,0.0
205,4.1,-9.167961120605469,-10.0,1.364999532699585,0.0,1.0,0.0,0.0,0.0
206,4.12,-9.167961120605469,-10.0,1.3699995279312134,0.0,1.0,0.0,0.0,0.0
207,4.14,-9.167961120605469,-10.0,1.3749995231628418,0.0,1.0,0.0,0.0,0.0
208,4.16,-9.167961120605469,-10.0,1.3799995183944702,0.0,1.0,0.0,0.0,0.0
209,4.18,-9.167961120605469,-10.0,1.3849995136260986,0.0,1.0,0.0,0.0,0.0
210,4.2,-9.167961120605469,-10.0,1.389999508857727,0.0,1.0,0.0,0.0,0.0
211,4.22,-9.167961120605469,-10.0,1.3949995040893555,0.0,1.0,0.0,0.0,0.0
212,4.24,-9.167961120605469,-10.0,1.3999994993209839,0.0,1.0,0.0,0.0,0.0
213,4.26,-9.167961120605469,-10.0,1.4049994945526123,0.0,1.0,0.0,0.0,0.0
214,4.28,-9.167961120605469,-10.0,1.4099994897842407,0.0,1.0,0.0,0.0,0.0
215,4.3,-9.167961120605469,-10.0,1.4149994850158691,0.0,1.0,0.0,0.0,0.0
216,4.32,-9.167961120605469,-10.0,1.4199994802474976,0.0,1.0,0.0,0.0,0.0
217,4.34,-9.167961120605469,-10.0,1.424999475479126,0.0,1.0,0.0,0.0,0.0
218,4.36,-9.167961120605469,-10.0,1.4299994707107544,0.0,1.0,0.0,0.0,0.0
219,4.38,-9.167961120605469,-10.0,1.4349994659423828,0.0,1.0,0.0,0.0,0.0
220,4.4,-9.167961120605469,-10.0,1.4349994659423828,0.0,1.0,0.0,0.0,0.0
221,4.42,-9.167961120605469,-10.0,1.4349994659423828,0.0,1.0,0.0,0.0,0.0
222,4.44,-9.167961120605469,-10.0,1.4349994659423828,0.0,1.0,0.0,0.0,0.0
223,4.46,-9.167961120605469,-10.0,1.4349994659423828,0.0,1.0,0.0,0.0,0.0
224,4.48,-9.167961120605469,-10.0,1.4349994659423828,0.0,1.0,0.0,0.0,0.0
225,4.5,-9.167961120605469,-10.0,1.4399994611740112,0.0,1.0,0.0,0.0,0.0
226,4.5200000000000005,-9.167961120605469,-10.0,1.4399994611740112,0.0,1.0,0.0,0.0,0.0
227,4.54,-9.167961120605469,-10.0,1.4399994611740112,0.0,1.0,0.0,0.0,0.0
228,4.5600000000000005,-9.167961120605469,-10.0,1.4399994611740112,0.0,1.0,0.0,0.0,0.0
229,4.58,-9.167961120605469,-10.0,1.4399994611740112,0.0,1.0,0.0,0.0,0.0
230,4.6000000000000005,-9.167961120605469,-10.0,1.4399994611740112,0.0,1.0,0.0,0.0,0.0
231,4.62,-9.167961120605469,-10.0,1.4399994611740112,0.0,1.0,0.0,0.0,0.0
232,4.64,-9.167961120605469,-10.0,1.4399994611740112,0.0,1.0,0.0,0.0,0.0
233,4.66,-9.167961120605469,-10.0,1.4399994611740112,0.0,1.0,0.0,0.0,0.0
234,4.68,-9.167961120605469,-10.0,1.4399994611740112,0.0,1.0,0.0,0.0,0.0
235,4.7,-9.167961120605469,-10.0,1.4399994611740112,0.0,1.0,0.0,0.0,0.0
236,4.72,-9.167961120605469,-10.0,1.4399994611740112,0.0,1.0,0.0,0.0,0.0
237,4.74,-9.167961120605469,-10.0,1.4399994611740112,0.0,1.0,0.0,0.0,0.0
238,4.76,-9.167961120605469,-10.0,1.4399994611740112,0.0,1.0,0.0,0.0,0.0
239,4.78,-9.167961120605469,-10.0,1.4399994611740112,0.0,1.0,0.0,0.0,0.0
240,4.8,-9.167961120605469,-10.0,1.4399994611740112,0.0,1.0,0.0,0.0,0.0
241,4.82,-9.159960746765137,-10.0,1.4399994611740112,0.0,1.0,0.0,0.0,0.0
242,4.84,-9.151960372924805,-10.0,1.4399994611740112,0.0,1.0,0.0,0.0,0.0
243,4.86,-9.143959999084473,-10.0,1.4399994611740112,0.0,1.0,0.0,0.0,0.0
244,4.88,-9.13595962524414,-10.0,1.4399994611740112,0.0,1.0,0.0,0.0,0.0
245,4.9,-9.127959251403809,-10.0,1.4399994611740112,0.0,1.0,0.0,0.0,0.0
246,4.92,-9.119958877563477,-10.0,1.4399994611740112,0.0,1.0,0.0,0.0,0.0
247,4.94,-9.111958503723145,-10.0,1.4399994611740112,0.0,1.0,0.0,0.0,0.0
248,4.96,-9.103958129882812,-10.0,1.4399994611740112,0.0,1.0,0.0,0.0,0.0
249,4.98,-9.09595775604248,-10.0,1.4399994611740112,0.0,1.0,0.0,0.0,0.0
250,5.0,-9.087957382202148,-10.0,1.4399994611740112,0.0,1.0,0.0,0.0,0.0
251,5.0200000000000005,-9.079957008361816,-10.0,1.4399994611740112,0.0,1.0,0.0,0.0,0.0
252,5.04,-9.071956634521484,-10.0,1.4399994611740112,0.0,1.0,0.0,0.0,0.0
253,5.0600000000000005,-9.063956260681152,-10.0,1.4399994611740112,0.0,1.0,0.0,0.0,0.0
254,5.08,-9.05595588684082,-10.0,1.4399994611740112,0.0,1.0,0.0,0.0,0.0
255,5.1000000000000005,-9.047955513000488,-10.0,1.4399994611740112,0.0,1.0,0.0,0.0,0.0
256,5.12,-9.039955139160156,-10.0,1.4399994611740112,0.0,1.0,0.0,0.0,0.0
257,5.14,-9.031954765319824,-10.0,1.4399994611740112,0.0,1.0,0.0,0.0,0.0
258,5.16,-9.023954391479492,-10.0,1.4399994611740112,0.0,1.0,0.0,0.0,0.0
259,5.18,-9.01595401763916,-10.0,1.4399994611740112,0.0,1.0,0.0,0.0,0.0
260,5.2,-9.007953643798828,-10.0,1.4399994611740112,0.0,1.0,0.0,0.0,0.0
261,5.22,-8.999953269958496,-10.0,1.4399994611740112,0.0,1.0,0.0,0.0,0.0
262,5.24,-8.991952896118164,-10.0,1.4399994611740112,0.0,1.0,0.0,0.0,0.0
263,5.26,-8.983952522277832,-10.0,1.4399994611740112,0.0,1.0,0.0,0.0,0.0
264,5.28,-8.9759521484375,-10.0,1.4399994611740112,0.0,1.0,0.0,0.0,0.0
265,5.3,-8.967951774597168,-10.0,1.4399994611740112,0.0,1.0,0.0,0.0,0.0
266,5.32,-8.959951400756836,-10.0,1.4399994611740112,0.0,1.0,0.0,0.0,0.0
267,5.34,-8.951951026916504,-10.0,1.4399994611740112,0.0,1.0,0.0,0.0,0.0
268,5.36,-8.943950653076172,-10.0,1.4399994611740112,0.0,1.0,0.0,0.0,0.0
269,5.38,-8.93595027923584,-10.0,1.4399994611740112,0.0,1.0,0.0,0.0,0.0
270,5.4,-8.927949905395508,-10.0,1.4399994611740112,0.0,1.0,0.0,0.0,0.0
271,5.42,-8.919949531555176,-10.0,1.4399994611740112,0.0,1.0,0.0,0.0,0.0
272,5.44,-8.911949157714844,-10.0,1.4399994611740112,0.0,1.0,0.0,0.0,0.0
273,5.46,-8.903948783874512,-10.0,1.4399994611740112,0.0,1.0,0.0,0.0,0.0
274,5.48,-8.89594841003418,-10.0,1.4399994611740112,0.0,1.0,0.0,0.0,0.0
275,5.5,-8.887948036193848,-10.0,1.4399994611740112,0.0,1.0,0.0,0.0,0.0
276,5.5200000000000005,-8.879947662353516,-10.0,1.4399994611740112,0.0,1.0,0.0,0.0,0.0
277,5.54,-8.879947662353516,-10.0,1.4399994611740112,0.0,1.0,0.0,0.0,0.0
278,5.5600000000000005,-8.879947662353516,-10.0,1.4399994611740112,0.0,1.0,0.0,0.0,0.0
279,5.58,-8.879947662353516,-10.0,1.4399994611740112,0.0,1.0,0.0,0.0,0.0
280,5.6000000000000005,-8.879947662353516,-10.0,1.4399994611740112,0.0,1.0,0.0,0.0,0.0
281,5.62,-8.879947662353516,-10.0,1.4399994611740112,0.0,1.0,0.0,0.0,0.0
282,5.64,-8.879947662353516,-10.0,1.4399994611740112,0.0,1.0,0.0,0.0,0.0
283,5.66,-8.879947662353516,-10.0,1.4399994611740112,0.0,1.0,0.0,0.0,0.0
284,5.68,-8.879947662353516,-10.0,1.4399994611740112,0.0,1.0,0.0,0.0,0.0
285,5.7,-8.879947662353516,-10.0,1.4399994611740112,0.0,1.0,0.0,0.0,0.0
286,5.72,-8.879947662353516,-10.0,1.4399994611740112,0.0,1.0,0.0,0.0,0.0
287,5.74,-8.879947662353516,-10.0,1.4399994611740112,0.0,1.0,0.0,0.0,0.0
288,5.76,-8.879947662353516,-10.0,1.4399994611740112,0.0,1.0,0.0,0.0,0.0
289,5.78,-8.871947288513184,-10.0,1.4399994611740112,0.0,1.0,0.0,0.0,0.0
290,5.8,-8.863946914672852,-10.0,1.4399994611740112,0.0,1.0,0.0,0.0,0.0
291,5.82,-8.85594654083252,-10.0,1.4399994611740112,0.0,1.0,0.0,0.0,0.0
292,5.84,-8.847946166992188,-10.0,1.4399994611740112,0.0,1.0,0.0,0.0,0.0
293,5.86,-8.839945793151855,-10.0,1.4399994611740112,0.0,1.0,0.0,0.0,0.0
294,5.88,-8.831945419311523,-10.0,1.4399994611740112,0.0,1.0,0.0,0.0,0.0
295,5.9,-8.823945045471191,-10.0,1.4399994611740112,0.0,1.0,0.0,0.0,0.0
296,5.92,-8.81594467163086,-10.0,1.4399994611740112,0.0,1.0,0.0,0.0,0.0
297,5.94,-8.807944297790527,-10.0,1.4399994611740112,0.0,1.0,0.0,0.0,0.0
298,5.96,-8.799943923950195,-10.0,1.4399994611740112,0.0,1.0,0.0,0.0,0.0
299,5.98,-8.791943550109863,-10.0,1.4399994611740112,0.0,1.0,0.0,0.0,0.0
300,6.0,-8.783943176269531,-10.0,1.4399994611740112,0.0,1.0,0.0,0.0,0.0
301,6.0200000000000005,-8.7759428024292,-10.0,1.4399994611740112,0.0,1.0,0.0,0.0,0.0
302,6.04,-8.767942428588867,-10.0,1.4399994611740112,0.0,1.0,0.0,0.0,0.0
303,6.0600000000000005,-8.759942054748535,-10.0,1.4399994611740112,0.0,1.0,0.0,0.0,0.0
304,6.08,-8.751941680908203,-10.0,1.4399994611740112,0.0,1.0,0.0,0.0,0.0
305,6.1000000000000005,-8.743941307067871,-10.0,1.4399994611740112,0.0,1.0,0.0,0.0,0.0
306,6.12,-8.735940933227539,-10.0,1.4399994611740112,0.0,1.0,0.0,0.0,0.0
307,6.140000000000001,-8.727940559387207,-10.0,1.4399994611740112,0.0,1.0,0.0,0.0,0.0
308,6.16,-8.719940185546875,-10.0,1.4399994611740112,0.0,1.0,0.0,0.0,0.0
309,6.18,-8.711939811706543,-10.0,1.4349994659423828,0.0,1.0,0.0,0.0,0.0
310,6.2,-8.711939811706543,-10.0,1.4299994707107544,0.0,1.0,0.0,0.0,0.0
311,6.22,-8.711939811706543,-10.0,1.424999475479126,0.0,1.0,0.0,0.0,0.0
312,6.24,-8.711939811706543,-10.0,1.4199994802474976,0.0,1.0,0.0,0.0,0.0
313,6.26,-8.711939811706543,-10.0,1.4149994850158691,0.0,1.0,0.0,0.0,0.0
314,6.28,-8.711939811706543,-10.0,1.4099994897842407,0.0,1.0,0.0,0.0,0.0
315,6.3,-8.711939811706543,-10.0,1.4049994945526123,0.0,1.0,0.0,0.0,0.0
316,6.32,-8.711939811706543,-10.0,1.3999994993209839,0.0,1.0,0.0,0.0,0.0
317,6.34,-8.711939811706543,-10.0,1.3949995040893555,0.0,1.0,0.0,0.0,0.0
318,6.36,-8.711939811706543,-10.0,1.389999508857727,0.0,1.0,0.0,0.0,0.0
319,6.38,-8.711939811706543,-10.0,1.3849995136260986,0.0,1.0,0.0,0.0,0.0
320,6.4,-8.711939811706543,-10.0,1.3799995183944702,0.0,1.0,0.0,0.0,0.0
321,6.42,-8.711939811706543,-10.0,1.3749995231628418,0.0,1.0,0.0,0.0,0.0
322,6.44,-8.711939811706543,-10.0,1.3699995279312134,0.0,1.0,0.0,0.0,0.0
323,6.46,-8.711939811706543,-10.0,1.364999532699585,0.0,1.0,0.0,0.0,0.0
324,6.48,-8.711939811706543,-10.0,1.3599995374679565,0.0,1.0,0.0,0.0,0.0
325,6.5,-8.711939811706543,-10.0,1.3549995422363281,0.0,1.0,0.0,0.0,0.0
326,6.5200000000000005,-8.711939811706543,-10.0,1.3499995470046997,0.0,1.0,0.0,0.0,0.0
327,6.54,-8.711939811706543,-10.0,1.3449995517730713,0.0,1.0,0.0,0.0,0.0
328,6.5600000000000005,-8.711939811706543,-10.0,1.3399995565414429,0.0,1.0,0.0,0.0,0.0
329,6.58,-8.711939811706543,-10.0,1.3349995613098145,0.0,1.0,0.0,0.0,0.0
330,6.6000000000000005,-8.711939811706543,-10.0,1.329999566078186,0.0,1.0,0.0,0.0,0.0
331,6.62,-8.711939811706543,-10.0,1.3249995708465576,0.0,1.0,0.0,0.0,0.0
332,6.640000000000001,-8.711939811706543,-10.0,1.3199995756149292,0.0,1.0,0.0,0.0,0.0
333,6.66,-8.711939811706543,-10.0,1.3149995803833008,0.0,1.0,0.0,0.0,0.0
334,6.68,-8.711939811706543,-10.0,1.3099995851516724,0.0,1.0,0.0,0.0,0.0
335,6.7,-8.711939811706543,-10.0,1.304999589920044,0.0,1.0,0.0,0.0,0.0
336,6.72,-8.711939811706543,-10.0,1.2999995946884155,0.0,1.0,0.0,0.0,0.0
337,6.74,-8.711939811706543,-10.0,1.294999599456787,0.0,1.0,0.0,0.0,0.0
338,6.76,-8.711939811706543,-10.0,1.2899996042251587,0.0,1.0,0.0,0.0,0.0
339,6.78,-8.703939437866211,-10.0,1.2849996089935303,0.0,1.0,0.0,0.0,0.0
340,6.8,-8.695939064025879,-10.0,1.2799996137619019,0.0,1.0,0.0,0.0,0.0
341,6.82,-8.687938690185547,-10.0,1.2749996185302734,0.0,1.0,0.0,0.0,0.0
342,6.84,-8.679938316345215,-10.0,1.269999623298645,0.0,1.0,0.0,0.0,0.0
343,6.86,-8.671937942504883,-10.0,1.2649996280670166,0.0,1.0,0.0,0.0,0.0
344,6.88,-8.66393756866455,-10.0,1.2599996328353882,0.0,1.0,0.0,0.0,0.0
345,6.9,-8.655937194824219,-10.0,1.2549996376037598,0.0,1.0,0.0,0.0,0.0
346,6.92,-8.647936820983887,-10.0,1.2499996423721313,0.0,1.0,0.0,0.0,0.0
347,6.94,-8.639936447143555,-10.0,1.244999647140503,0.0,1.0,0.0,0.0,0.0
348,6.96,-8.631936073303223,-10.0,1.2399996519088745,0.0,1.0,0.0,0.0,0.0
349,6.98,-8.62393569946289,-10.0,1.234999656677246,0.0,1.0,0.0,0.0,0.0
350,7.0,-8.615935325622559,-10.0,1.2299996614456177,0.0,1.0,0.0,0.0,0.0
351,7.0200000000000005,-8.607934951782227,-10.0,1.2249996662139893,0.0,1.0,0.0,0.0,0.0
352,7.04,-8.599934577941895,-10.0,1.2199996709823608,0.0,1.0,0.0,0.0,0.0
353,7.0600000000000005,-8.591934204101562,-10.0,1.2149996757507324,0.0,1.0,0.0,0.0,0.0
354,7.08,-8.58393383026123,-10.0,1.209999680519104,0.0,1.0,0.0,0.0,0.0
355,7.1000000000000005,-8.575933456420898,-10.0,1.2049996852874756,0.0,1.0,0.0,0.0,0.0
356,7.12,-8.567933082580566,-10.0,1.1999996900558472,0.0,1.0,0.0,0.0,0.0
357,7.140000000000001,-8.559932708740234,-10.0,1.1949996948242188,0.0,1.0,0.0,0.0,0.0
358,7.16,-8.551932334899902,-10.0,1.1899996995925903,0.0,1.0,0.0,0.0,0.0
359,7.18,-8.54393196105957,-10.0,1.184999704360962,0.0,1.0,0.0,0.0,0.0
360,7.2,-8.535931587219238,-10.0,1.1799997091293335,0.0,1.0,0.0,0.0,0.0
361,7.22,-8.527931213378906,-10.0,1.174999713897705,0.0,1.0,0.0,0.0,0.0
362,7.24,-8.519930839538574,-10.0,1.1699997186660767,0.0,1.0,0.0,0.0,0.0
363,7.26,-8.511930465698242,-10.0,1.1699997186660767,0.0,1.0,0.0,0.0,0.0
364,7.28,-8.50393009185791,-10.0,1.1649997234344482,0.0,1.0,0.0,0.0,0.0
365,7.3,-8.495929718017578,-10.0,1.1599997282028198,0.0,1.0,0.0,0.0,0.0
366,7.32,-8.487929344177246,-10.0,1.1549997329711914,0.0,1.0,0.0,0.0,0.0
367,7.34,-8.479928970336914,-10.0,1.149999737739563,0.0,1.0,0.0,0.0,0.0
368,7.36,-8.471928596496582,-10.0,1.1449997425079346,0.0,1.0,0.0,0.0,0.0
369,7.38,-8.46392822265625,-10.0,1.1399997472763062,0.0,1.0,0.0,0.0,0.0
370,7.4,-8.455927848815918,-10.0,1.1349997520446777,0.0,1.0,0.0,0.0,0.0
371,7.42,-8.447927474975586,-10.0,1.1299997568130493,0.0,1.0,0.0,0.0,0.0
372,7.44,-8.439927101135254,-10.0,1.1299997568130493,0.0,1.0,0.0,0.0,0.0
373,7.46,-8.431926727294922,-10.0,1.1299997568130493,0.0,1.0,0.0,0.0,0.0
374,7.48,-8.42392635345459,-10.0,1.1299997568130493,0.0,1.0,0.0,0.0,0.0
375,7.5,-8.415925979614258,-10.0,1.1299997568130493,0.0,1.0,0.0,0.0,0.0
376,7.5200000000000005,-8.407925605773926,-10.0,1.1299997568130493,0.0,1.0,0.0,0.0,0.0
377,7.54,-8.399925231933594,-10.0,1.1299997568130493,0.0,1.0,0.0,0.0,0.0
378,7.5600000000000005,-8.391924858093262,-10.0,1.124999761581421,0.0,1.0,0.0,0.0,0.0
379,7.58,-8.38392448425293,-10.0,1.1199997663497925,0.0,1.0,0.0,0.0,0.0
380,7.6000000000000005,-8.38392448425293,-10.0,1.114999771118164,0.0,1.0,0.0,0.0,0.0
381,7.62,-8.38392448425293,-10.0,1.1099997758865356,0.0,1.0,0.0,0.0,0.0
382,7.640000000000001,-8.38392448425293,-10.0,1.1049997806549072,0.0,1.0,0.0,0.0,0.0
383,7.66,-8.38392448425293,-10.0,1.0999997854232788,0.0,1.0,0.0,0.0,0.0
384,7.68,-8.38392448425293,-10.0,1.0949997901916504,0.0,1.0,0.0,0.0,0.0
385,7.7,-8.38392448425293,-10.0,1.089999794960022,0.0,1.0,0.0,0.0,0.0
386,7.72,-8.38392448425293,-10.0,1.0849997997283936,0.0,1.0,0.0,0.0,0.0
387,7.74,-8.38392448425293,-10.0,1.0799998044967651,0.0,1.0,0.0,0.0,0.0
388,7.76,-8.38392448425293,-10.0,1.0749998092651367,0.0,1.0,0.0,0.0,0.0
389,7.78,-8.38392448425293,-10.0,1.0699998140335083,0.0,1.0,0.0,0.0,0.0
390,7.8,-8.38392448425293,-10.0,1.0649998188018799,0.0,1.0,0.0,0.0,0.0
391,7.82,-8.38392448425293,-10.0,1.0599998235702515,0.0,1.0,0.0,0.0,0.0
392,7.84,-8.38392448425293,-10.0,1.054999828338623,0.0,1.0,0.0,0.0,0.0
393,7.86,-8.38392448425293,-10.0,1.0499998331069946,0.0,1.0,0.0,0.0,0.0
394,7.88,-8.375924110412598,-10.0,1.0449998378753662,0.0,1.0,0.0,0.0,0.0
395,7.9,-8.367923736572266,-10.0,1.0399998426437378,0.0,1.0,0.0,0.0,0.0
396,7.92,-8.359923362731934,-10.0,1.0349998474121094,0.0,1.0,0.0,0.0,0.0
397,7.94,-8.351922988891602,-10.0,1.029999852180481,0.0,1.0,0.0,0.0,0.0
398,7.96,-8.34392261505127,-10.0,1.0249998569488525,0.0,1.0,0.0,0.0,0.0
399,7.98,-8.335922241210938,-10.0,1.0199998617172241,0.0,1.0,0.0,0.0,0.0
400,8.0,-8.327921867370605,-10.0,1.0149998664855957,0.0,1.0,0.0,0.0,0.0
401,8.02,-8.319921493530273,-10.0,1.0099998712539673,0.0,1.0,0.0,0.0,0.0
402,8.040000000000001,-8.311921119689941,-10.0,1.0049998760223389,0.0,1.0,0.0,0.0,0.0
403,8.06,-8.30392074584961,-10.0,0.9999998807907104,0.0,1.0,0.0,0.0,0.0
404,8.08,-8.295920372009277,-10.0,0.994999885559082,0.0,1.0,0.0,0.0,0.0
405,8.1,-8.287919998168945,-10.0,0.9899998903274536,0.0,1.0,0.0,0.0,0.0
406,8.120000000000001,-8.279919624328613,-10.0,0.9849998950958252,0.0,1.0,0.0,0.0,0.0
407,8.14,-8.271919250488281,-10.0,0.9799998998641968,0.0,1.0,0.0,0.0,0.0
408,8.16,-8.26391887664795,-10.0,0.9749999046325684,0.0,1.0,0.0,0.0,0.0
409,8.18,-8.255918502807617,-10.0,0.9699999094009399,0.0,1.0,0.0,0.0,0.0
410,8.2,-8.247918128967285,-10.0,0.9649999141693115,0.0,1.0,0.0,0.0,0.0
411,8.22,-8.239917755126953,-10.0,0.9599999189376831,0.0,1.0,0.0,0.0,0.0
412,8.24,-8.231917381286621,-10.0,0.9549999237060547,0.0,1.0,0.0,0.0,0.0
413,8.26,-8.231917381286621,-10.0,0.9499999284744263,0.0,1.0,0.0,0.0,0.0
414,8.28,-8.223917007446289,-10.0,0.9449999332427979,0.0,1.0,0.0,0.0,0.0
415,8.3,-8.215916633605957,-10.0,0.9399999380111694,0.0,1.0,0.0,0.0,0.0
416,8.32,-8.207916259765625,-10.0,0.934999942779541,0.0,1.0,0.0,0.0,0.0
417,8.34,-8.199915885925293,-10.0,0.9299999475479126,0.0,1.0,0.0,0.0,0.0
418,8.36,-8.191915512084961,-10.0,0.9249999523162842,0.0,1.0,0.0,0.0,0.0
419,8.38,-8.183915138244629,-10.0,0.9199999570846558,0.0,1.0,0.0,0.0,0.0
420,8.4,-8.175914764404297,-10.0,0.9149999618530273,0.0,1.0,0.0,0.0,0.0
421,8.42,-8.167914390563965,-10.0,0.9099999666213989,0.0,1.0,0.0,0.0,0.0
422,8.44,-8.159914016723633,-10.0,0.9049999713897705,0.0,1.0,0.0,0.0,0.0
423,8.46,-8.1519136428833,-10.0,0.8999999761581421,0.0,1.0,0.0,0.0,0.0
424,8.48,-8.143913269042969,-10.0,0.8949999809265137,0.0,1.0,0.0,0.0,0.0
425,8.5,-8.135912895202637,-10.0,0.8899999856948853,0.0,1.0,0.0,0.0,0.0
426,8.52,-8.127912521362305,-10.0,0.8849999904632568,0.0,1.0,0.0,0.0,0.0
427,8.540000000000001,-8.119912147521973,-10.0,0.8799999952316284,0.0,1.0,0.0,0.0,0.0
428,8.56,-8.11191177368164,-10.0,0.875,0.0,1.0,0.0,0.0,0.0
429,8.58,-8.103911399841309,-10.0,0.8700000047683716,0.0,1.0,0.0,0.0,0.0
430,8.6,-8.095911026000977,-10.0,0.8650000095367432,0.0,1.0,0.0,0.0,0.0
431,8.620000000000001,-8.087910652160645,-10.0,0.8600000143051147,0.0,1.0,0.0,0.0,0.0
432,8.64,-8.079910278320312,-10.0,0.8600000143051147,0.0,1.0,0.0,0.0,0.0
433,8.66,-8.07190990447998,-10.0,0.8600000143051147,0.0,1.0,0.0,0.0,0.0
434,8.68,-8.063909530639648,-10.0,0.8600000143051147,0.0,1.0,0.0,0.0,0.0
435,8.700000000000001,-8.055909156799316,-10.0,0.8600000143051147,0.0,1.0,0.0,0.0,0.0
436,8.72,-8.047908782958984,-10.0,0.8600000143051147,0.0,1.0,0.0,0.0,0.0
437,8.74,-8.039908409118652,-10.0,0.8600000143051147,0.0,1.0,0.0,0.0,0.0
438,8.76,-8.03190803527832,-10.0,0.8600000143051147,0.0,1.0,0.0,0.0,0.0
439,8.78,-8.023907661437988,-10.0,0.8600000143051147,0.0,1.0,0.0,0.0,0.0
440,8.8,-8.015907287597656,-10.0,0.8600000143051147,0.0,1.0,0.0,0.0,0.0
441,8.82,-8.007906913757324,-10.0,0.8600000143051147,0.0,1.0,0.0,0.0,0.0
442,8.84,-7.99990701675415,-10.0,0.8600000143051147,0.0,1.0,0.0,0.0,0.0
443,8.86,-7.991907119750977,-10.0,0.8550000190734863,0.0,1.0,0.0,0.0,0.0
444,8.88,-7.983907222747803,-10.0,0.8500000238418579,0.0,1.0,0.0,0.0,0.0
445,8.9,-7.975907325744629,-10.0,0.8450000286102295,0.0,1.0,0.0,0.0,0.0
446,8.92,-7.967907428741455,-10.0,0.8400000333786011,0.0,1.0,0.0,0.0,0.0
447,8.94,-7.959907531738281,-10.0,0.8350000381469727,0.0,1.0,0.0,0.0,0.0
448,8.96,-7.951907634735107,-10.0,0.8300000429153442,0.0,1.0,0.0,0.0,0.0
449,8.98,-7.943907737731934,-10.0,0.8250000476837158,0.0,1.0,0.0,0.0,0.0
450,9.0,-7.93590784072876,-10.0,0.8200000524520874,0.0,1.0,0.0,0.0,0.0
451,9.02,-7.927907943725586,-10.0,0.815000057220459,0.0,1.0,0.0,0.0,0.0
452,9.040000000000001,-7.919908046722412,-10.0,0.8100000619888306,0.0,1.0,0.0,0.0,0.0
453,9.06,-7.911908149719238,-10.0,0.8050000667572021,0.0,1.0,0.0,0.0,0.0
454,9.08,-7.9039082527160645,-10.0,0.8000000715255737,0.0,1.0,0.0,0.0,0.0
455,9.1,-7.895908355712891,-10.0,0.7950000762939453,0.0,1.0,0.0,0.0,0.0
456,9.120000000000001,-7.887908458709717,-10.0,0.7900000810623169,0.0,1.0,0.0,0.0,0.0
457,9.14,-7.879908561706543,-10.0,0.7850000858306885,0.0,1.0,0.0,0.0,0.0
458,9.16,-7.871908664703369,-10.0,0.7800000905990601,0.0,1.0,0.0,0.0,0.0
459,9.18,-7.863908767700195,-10.0,0.7750000953674316,0.0,1.0,0.0,0.0,0.0
460,9.200000000000001,-7.8559088706970215,-10.0,0.7700001001358032,0.0,1.0,0.0,0.0,0.0
461,9.22,-7.847908973693848,-10.0,0.7650001049041748,0.0,1.0,0.0,0.0,0.0
462,9.24,-7.839909076690674,-10.0,0.7600001096725464,0.0,1.0,0.0,0.0,0.0
463,9.26,-7.8319091796875,-10.0,0.755000114440918,0.0,1.0,0.0,0.0,0.0
464,9.28,-7.823909282684326,-10.0,0.7500001192092896,0.0,1.0,0.0,0.0,0.0
465,9.3,-7.815909385681152,-10.0,0.7450001239776611,0.0,1.0,0.0,0.0,0.0
466,9.32,-7.8079094886779785,-10.0,0.7400001287460327,0.0,1.0,0.0,0.0,0.0
467,9.34,-7.799909591674805,-10.0,0.7350001335144043,0.0,1.0,0.0,0.0,0.0
468,9.36,-7.791909694671631,-10.0,0.7350001335144043,0.0,1.0,0.0,0.0,0.0
469,9.38,-7.783909797668457,-10.0,0.7350001335144043,0.0,1.0,0.0,0.0,0.0
470,9.4,-7.775909900665283,-10.0,0.7350001335144043,0.0,1.0,0.0,0.0,0.0
471,9.42,-7.767910003662109,-10.0,0.7350001335144043,0.0,1.0,0.0,0.0,0.0
472,9.44,-7.7599101066589355,-10.0,0.7350001335144043,0.0,1.0,0.0,0.0,0.0
473,9.46,-7.751910209655762,-10.0,0.7350001335144043,0.0,1.0,0.0,0.0,0.0
474,9.48,-7.743910312652588,-10.0,0.7350001335144043,0.0,1.0,0.0,0.0,0.0
475,9.5,-7.735910415649414,-10.0,0.7350001335144043,0.0,1.0,0.0,0.0,0.0
476,9.52,-7.72791051864624,-10.0,0.7350001335144043,0.0,1.0,0.0,0.0,0.0
477,9.540000000000001,-7.719910621643066,-10.0,0.7350001335144043,0.0,1.0,0.0,0.0,0.0
478,9.56,-7.711910724639893,-10.0,0.7350001335144043,0.0,1.0,0.0,0.0,0.0
479,9.58,-7.703910827636719,-10.0,0.7350001335144043,0.0,1.0,0.0,0.0,0.0
480,9.6,-7.695910930633545,-10.0,0.7350001335144043,0.0,1.0,0.0,0.0,0.0
481,9.620000000000001,-7.687911033630371,-10.0,0.7350001335144043,0.0,1.0,0.0,0.0,0.0
482,9.64,-7.679911136627197,-10.0,0.7350001335144043,0.0,1.0,0.0,0.0,0.0
483,9.66,-7.671911239624023,-10.0,0.7350001335144043,0.0,1.0,0.0,0.0,0.0
484,9.68,-7.66391134262085,-10.0,0.7350001335144043,0.0,1.0,0.0,0.0,0.0
485,9.700000000000001,-7.655911445617676,-10.0,0.7350001335144043,0.0,1.0,0.0,0.0,0.0
486,9.72,-7.647911548614502,-10.0,0.7350001335144043,0.0,1.0,0.0,0.0,0.0
487,9.74,-7.639911651611328,-10.0,0.7350001335144043,0.0,1.0,0.0,0.0,0.0
488,9.76,-7.631911754608154,-10.0,0.7350001335144043,0.0,1.0,0.0,0.0,0.0
489,9.78,-7.6239118576049805,-10.0,0.7350001335144043,0.0,1.0,0.0,0.0,0.0
490,9.8,-7.615911960601807,-10.0,0.7350001335144043,0.0,1.0,0.0,0.0,0.0
491,9.82,-7.607912063598633,-10.0,0.7350001335144043,0.0,1.0,0.0,0.0,0.0
492,9.84,-7.599912166595459,-10.0,0.7350001335144043,0.0,1.0,0.0,0.0,0.0
493,9.86,-7.591912269592285,-10.0,0.7350001335144043,0.0,1.0,0.0,0.0,0.0
494,9.88,-7.583912372589111,-10.0,0.7350001335144043,0.0,1.0,0.0,0.0,0.0
495,9.9,-7.5759124755859375,-10.0,0.7350001335144043,0.0,1.0,0.0,0.0,0.0
496,9.92,-7.567912578582764,-10.0,0.7350001335144043,0.0,1.0,0.0,0.0,0.0
497,9.94,-7.55991268157959,-10.0,0.7350001335144043,0.0,1.0,0.0,0.0,0.0
498,9.96,-7.551912784576416,-10.0,0.7350001335144043,0.0,1.0,0.0,0.0,0.0
499,9.98,-7.543912887573242,-10.0,0.7350001335144043,0.0,1.0,0.0,0.0,0.0
500,10.0,-7.535912990570068,-10.0,0.7350001335144043,0.0,1.0,0.0,0.0,0.0
501,10.02,-7.5279130935668945,-10.0,0.7350001335144043,0.0,1.0,0.0,0.0,0.0
502,10.040000000000001,-7.519913196563721,-10.0,0.7350001335144043,0.0,1.0,0.0,0.0,0.0
503,10.06,-7.511913299560547,-10.0,0.7350001335144043,0.0,1.0,0.0,0.0,0.0
504,10.08,-7.503913402557373,-10.0,0.7350001335144043,0.0,1.0,0.0,0.0,0.0
505,10.1,-7.495913505554199,-10.0,0.7350001335144043,0.0,1.0,0.0,0.0,0.0
506,10.120000000000001,-7.487913608551025,-10.0,0.7350001335144043,0.0,1.0,0.0,0.0,0.0
507,10.14,-7.479913711547852,-10.0,0.7350001335144043,0.0,1.0,0.0,0.0,0.0
508,10.16,-7.471913814544678,-10.0,0.7350001335144043,0.0,1.0,0.0,0.0,0.0
509,10.18,-7.463913917541504,-10.0,0.7350001335144043,0.0,1.0,0.0,0.0,0.0
510,10.200000000000001,-7.45591402053833,-10.0,0.7350001335144043,0.0,1.0,0.0,0.0,0.0
511,10.22,-7.447914123535156,-10.0,0.7350001335144043,0.0,1.0,0.0,0.0,0.0
512,10.24,-7.439914226531982,-10.0,0.7350001335144043,0.0,1.0,0.0,0.0,0.0
513,10.26,-7.431914329528809,-10.0,0.7350001335144043,0.0,1.0,0.0,0.0,0.0
514,10.28,-7.423914432525635,-10.0,0.7350001335144043,0.0,1.0,0.0,0.0,0.0
515,10.3,-7.415914535522461,-10.0,0.7350001335144043,0.0,1.0,0.0,0.0,0.0
516,10.32,-7.407914638519287,-10.0,0.7350001335144043,0.0,1.0,0.0,0.0,0.0
517,10.34,-7.399914741516113,-10.0,0.7350001335144043,0.0,1.0,0.0,0.0,0.0
518,10.36,-7.3919148445129395,-10.0,0.7350001335144043,0.0,1.0,0.0,0.0,0.0
519,10.38,-7.383914947509766,-10.0,0.7350001335144043,0.0,1.0,0.0,0.0,0.0
520,10.4,-7.375915050506592,-10.0,0.7350001335144043,0.0,1.0,0.0,0.0,0.0
521,10.42,-7.367915153503418,-10.0,0.7350001335144043,0.0,1.0,0.0,0.0,0.0
522,10.44,-7.359915256500244,-10.0,0.7350001335144043,0.0,1.0,0.0,0.0,0.0
523,10.46,-7.35191535949707,-10.0,0.7350001335144043,0.0,1.0,0.0,0.0,0.0
524,10.48,-7.3439154624938965,-10.0,0.7350001335144043,0.0,1.0,0.0,0.0,0.0
525,10.5,-7.335915565490723,-10.0,0.7350001335144043,0.0,1.0,0.0,0.0,0.0
526,10.52,-7.327915668487549,-10.0,0.7350001335144043,0.0,1.0,0.0,0.0,0.0
527,10.540000000000001,-7.327915668487549,-10.0,0.7350001335144043,0.0,1.0,0.0,0.0,0.0
528,10.56,-7.327915668487549,-10.0,0.7350001335144043,0.0,1.0,0.0,0.0,0.0
